{
  "maneuverNodes": [
    {
      "UT": 241555.461651886,
      "deltaV": [
        0,
        0,
        115.747673491774
      ],
      "PeA": 288103.4995454587,
      "ApA": 882255.32904054131,
      "inclination": 1.9407977737784257,
      "eccentricity": 0.25065902357471948,
      "epoch": 241555.461651886,
      "period": 4313.9018869924421,
      "argumentOfPeriapsis": 195.22914997340868,
      "sma": 1185179.414293,
      "lan": 136.67742112108539,
      "maae": 1.2445255244019628,
      "referenceBody": "Kerbin",
      "closestEncounterBody": null,
      "orbitPatches": [
        {
          "startUT": 241555.461651886,
          "endUT": 424081.873967836,
          "patchEndTransition": "MANEUVER",
          "PeA": 288103.4995454587,
          "ApA": 882255.32904054131,
          "inclination": 1.9407977737784257,
          "eccentricAnomaly": 0.25065902357471948,
          "eccentricity": 0.25065902357471948,
          "epoch": 241555.461651886,
          "period": 4313.9018869924421,
          "argumentOfPeriapsis": 195.22914997340868,
          "sma": 1185179.414293,
          "lan": 136.67742112108539,
          "maae": 1.2445255244019628,
          "referenceBody": "Kerbin",
          "semiLatusRectum": 1110714.6555748151,
          "semiMinorAxis": 1147343.0807482172,
          "closestEncounterBody": null
        },
        {
          "startUT": 424081.873967836,
          "endUT": 785563.226917472,
          "patchEndTransition": "MANEUVER",
          "PeA": 845238.302119147,
          "ApA": 890487.85706941993,
          "inclination": 1.9407977678120971,
          "eccentricAnomaly": 0.015413411366263098,
          "eccentricity": 0.015413411366263098,
          "epoch": 424081.873967836,
          "period": 5945.9661823857959,
          "argumentOfPeriapsis": 146.4374048182658,
          "sma": 1467863.0795942834,
          "lan": 136.67742106622245,
          "maae": 4.0533594339164187,
          "referenceBody": "Kerbin",
          "semiLatusRectum": 1467514.3545919887,
          "semiMinorAxis": 1467688.7067359393,
          "closestEncounterBody": null
        },
        {
          "startUT": 785563.226917472,
          "endUT": 4903633.88951838,
          "patchEndTransition": "MANEUVER",
          "PeA": 888768.64387513418,
          "ApA": 1569184.8500944679,
          "inclination": 1.9407977646430787,
          "eccentricAnomaly": 0.1860100756723804,
          "eccentricity": 0.1860100756723804,
          "epoch": 785563.226917472,
          "period": 8270.01677218511,
          "argumentOfPeriapsis": 303.23961160761723,
          "sma": 1828976.746984801,
          "lan": 136.67742119838618,
          "maae": 0.024251358735407468,
          "referenceBody": "Kerbin",
          "semiLatusRectum": 1765694.6119810152,
          "semiMinorAxis": 1797057.1464451617,
          "closestEncounterBody": null
        },
        {
          "startUT": 4903633.88951838,
          "endUT": 4925443.9113756726,
          "patchEndTransition": "ESCAPE",
          "PeA": 904824.9964063142,
          "ApA": -2588184.9174196525,
          "inclination": 1.9406067920701187,
          "eccentricAnomaly": 7.226519539524622,
          "eccentricity": 7.226519539524622,
          "epoch": 4903633.88951838,
          "period": 397.24192358397545,
          "argumentOfPeriapsis": 283.91170303475263,
          "sma": -241679.96050666913,
          "lan": 136.710011268848,
          "maae": -0.38926543202496944,
          "referenceBody": "Kerbin",
          "semiLatusRectum": 12379472.236501614,
          "semiMinorAxis": -1729702.3909364052,
          "closestEncounterBody": "Minmus"
        },
        {
          "startUT": 4925443.9113756726,
          "endUT": 44553583.222134456,
          "patchEndTransition": "FINAL",
          "PeA": 12070405949.87516,
          "ApA": 59394847266.012764,
          "inclination": 0.2433437124876944,
          "eccentricAnomaly": 0.65738933401187527,
          "eccentricity": 0.65738933401187527,
          "epoch": 4925443.9113756726,
          "period": 39628139.310758784,
          "argumentOfPeriapsis": 40.05612067852897,
          "sma": 35994226607.943962,
          "lan": 11.770673193138748,
          "maae": 6.1700822811627445,
          "referenceBody": "Sun",
          "semiLatusRectum": 20438935128.294067,
          "semiMinorAxis": 27123489130.878483,
          "closestEncounterBody": "Dres"
        }
      ]
    },
    {
      "UT": 424081.873967836,
      "deltaV": [
        0,
        0,
        199.749171742972
      ],
      "PeA": 845238.302119147,
      "ApA": 890487.85706941993,
      "inclination": 1.9407977678120971,
      "eccentricity": 0.015413411366263098,
      "epoch": 424081.873967836,
      "period": 5945.9661823857959,
      "argumentOfPeriapsis": 146.4374048182658,
      "sma": 1467863.0795942834,
      "lan": 136.67742106622245,
      "maae": 4.0533594339164187,
      "referenceBody": "Kerbin",
      "closestEncounterBody": null,
      "orbitPatches": [
        {
          "startUT": 424081.873967836,
          "endUT": 785563.226917472,
          "patchEndTransition": "MANEUVER",
          "PeA": 845238.302119147,
          "ApA": 890487.85706941993,
          "inclination": 1.9407977678120971,
          "eccentricAnomaly": 0.015413411366263098,
          "eccentricity": 0.015413411366263098,
          "epoch": 424081.873967836,
          "period": 5945.9661823857959,
          "argumentOfPeriapsis": 146.4374048182658,
          "sma": 1467863.0795942834,
          "lan": 136.67742106622245,
          "maae": 4.0533594339164187,
          "referenceBody": "Kerbin",
          "semiLatusRectum": 1467514.3545919887,
          "semiMinorAxis": 1467688.7067359393,
          "closestEncounterBody": null
        },
        {
          "startUT": 785563.226917472,
          "endUT": 4903633.88951838,
          "patchEndTransition": "MANEUVER",
          "PeA": 888768.64387513418,
          "ApA": 1569184.8500944679,
          "inclination": 1.9407977646430787,
          "eccentricAnomaly": 0.1860100756723804,
          "eccentricity": 0.1860100756723804,
          "epoch": 785563.226917472,
          "period": 8270.01677218511,
          "argumentOfPeriapsis": 303.23961160761723,
          "sma": 1828976.746984801,
          "lan": 136.67742119838618,
          "maae": 0.024251358735407468,
          "referenceBody": "Kerbin",
          "semiLatusRectum": 1765694.6119810152,
          "semiMinorAxis": 1797057.1464451617,
          "closestEncounterBody": null
        },
        {
          "startUT": 4903633.88951838,
          "endUT": 4925443.9113756726,
          "patchEndTransition": "ESCAPE",
          "PeA": 904824.9964063142,
          "ApA": -2588184.9174196525,
          "inclination": 1.9406067920701187,
          "eccentricAnomaly": 7.226519539524622,
          "eccentricity": 7.226519539524622,
          "epoch": 4903633.88951838,
          "period": 397.24192358397545,
          "argumentOfPeriapsis": 283.91170303475263,
          "sma": -241679.96050666913,
          "lan": 136.710011268848,
          "maae": -0.38926543202496944,
          "referenceBody": "Kerbin",
          "semiLatusRectum": 12379472.236501614,
          "semiMinorAxis": -1729702.3909364052,
          "closestEncounterBody": "Minmus"
        },
        {
          "startUT": 4925443.9113756726,
          "endUT": 44553583.222134456,
          "patchEndTransition": "FINAL",
          "PeA": 12070405949.87516,
          "ApA": 59394847266.012764,
          "inclination": 0.2433437124876944,
          "eccentricAnomaly": 0.65738933401187527,
          "eccentricity": 0.65738933401187527,
          "epoch": 4925443.9113756726,
          "period": 39628139.310758784,
          "argumentOfPeriapsis": 40.05612067852897,
          "sma": 35994226607.943962,
          "lan": 11.770673193138748,
          "maae": 6.1700822811627445,
          "referenceBody": "Sun",